{"droppedBehaviorMonitoringMessages":"0","droppedIpcKernelMessages":"1091","droppedKernelMessages":"0","otherDroppedMessages":"30","rawEventProviderStatistics":{"enableNetworkTrafficVolume":0,"instanceId":"00000000-0000-0000-0000-000000000000","ipc":{"ack":{"ackd":"0","ackdFast":"0","noSpace":"0","timeout":"0"},"ackPkts":"0","connected":0,"connects":"0","nackPkts":"0","recv":{"badPktlen":"0","badReplylen":"0","copyFailed":"0","noWaiter":"0"},"rejects":"0","send":{"ackNoconn":"0","ackNoqsp":"0","nackNoconn":"0","nackNoqsp":"0"}},"kauth":{"fileop":{"close":"0","closeModified":"231805","create":"0","dropped":"0","exec":"424481","exit":"0","fork":"0","link":"0","mask":0,"move":"0","open":"274725","openDropped":"0","processOpen":"0","remove":"319021","unmount":"0"},"vnode":{"ackdBeforeDeadline":"14757214","clone":"0","create":"0","del":"0","denied":"0","dropped":"0","exec":"0","held":"0","link":"0","mask":0,"missedDeadline":"0","mount":"0","move":"0","processSignal":"0","read":"0","readAttr":"0","readExattr":"0","readSec":"0","readdir":"0","takeOwn":"0","write":"14757214","writeAttr":"0","writeExattr":"0","writeSec":"0"}},"pktAckConnTimeout":0,"pktAckTimeout":0,"status":{"createClientResult":0,"mutedPaths":"0"},"subsystem":0,"timeoutThreadTriggered":"236854","traceLevel":0,"version":""}}